TrustRepCtrlMoneyList,TrustRepCtrlMoneyList.bat
TrustRepCtrlMoneyRecord,TrustRepCtrlMoneyRecord.bat
TrustRepCtrlMoneyStatement,TrustRepCtrlMoneyStatement.bat
TrustRepOverdrawnTrustAcctListing,TrustRepOverdrawnTrustAcctListing.bat
TrustRepTransferJournal,TrustRepTransferJournal.bat
TrustRepTrialBalance,TrustRepTrialBalance.bat
TrustRepTrustBalClientSum,TrustRepTrustBalClientSum.bat
TrustRepTrustDepositSlip,TrustRepTrustDepositSlip.bat
TrustRepTrustLedger,TrustRepTrustLedger.bat
TrustRepTrustLedgerStatement,TrustRepTrustLedgerStatement.bat
TrustTrustListingsRun,TrustTrustListingsRun.bat
TrustTrustReportRun,TrustTrustReportRun.bat
